{"assets/game_map.svg":["assets/game_map.svg"],"assets/questions/categories.json":["assets/questions/categories.json"],"assets/questions/images/1a.jpg":["assets/questions/images/1a.jpg"],"assets/questions/images/1q.jpg":["assets/questions/images/1q.jpg"],"assets/questions/images/2a.jpg":["assets/questions/images/2a.jpg"],"assets/questions/images/2q.jpg":["assets/questions/images/2q.jpg"],"assets/questions/images/3a.jpg":["assets/questions/images/3a.jpg"],"assets/questions/images/3q.jpg":["assets/questions/images/3q.jpg"],"assets/questions/images/4a.jpg":["assets/questions/images/4a.jpg"],"assets/questions/images/4q.jpg":["assets/questions/images/4q.jpg"],"assets/questions/images/5a.jpg":["assets/questions/images/5a.jpg"],"assets/questions/images/5q.jpg":["assets/questions/images/5q.jpg"],"assets/questions/images/README.md":["assets/questions/images/README.md"],"assets/questions/images/global/5g.jpg":["assets/questions/images/global/5g.jpg"],"assets/questions/images/global/bird.jpg":["assets/questions/images/global/bird.jpg"],"assets/questions/images/global/capitalism.jpg":["assets/questions/images/global/capitalism.jpg"],"assets/questions/images/global/carrefour.jpg":["assets/questions/images/global/carrefour.jpg"],"assets/questions/images/global/chess.jpg":["assets/questions/images/global/chess.jpg"],"assets/questions/images/global/empty_quarter.jpg":["assets/questions/images/global/empty_quarter.jpg"],"assets/questions/images/global/iceland.jpg":["assets/questions/images/global/iceland.jpg"],"assets/questions/images/global/lemon.jpg":["assets/questions/images/global/lemon.jpg"],"assets/questions/images/global/oyster.jpg":["assets/questions/images/global/oyster.jpg"],"assets/questions/images/global/pulled_chicken.jpg":["assets/questions/images/global/pulled_chicken.jpg"],"assets/questions/images/global/samosa.jpg":["assets/questions/images/global/samosa.jpg"],"assets/questions/images/global/shawarma.jpg":["assets/questions/images/global/shawarma.jpg"],"assets/questions/images/global/uber.jpg":["assets/questions/images/global/uber.jpg"],"assets/questions/images/people/adel.jpg":["assets/questions/images/people/adel.jpg"],"assets/questions/images/people/hasan_yasser.jpg":["assets/questions/images/people/hasan_yasser.jpg"],"assets/questions/images/people/omar_mohammad.jpg":["assets/questions/images/people/omar_mohammad.jpg"],"assets/questions/images/people/yousef_saeed.jpg":["assets/questions/images/people/yousef_saeed.jpg"],"assets/questions/questions.json":["assets/questions/questions.json"],"assets/questions/questions_backup_before_people_eyes.json":["assets/questions/questions_backup_before_people_eyes.json"],"packages/cupertino_icons/assets/CupertinoIcons.ttf":["packages/cupertino_icons/assets/CupertinoIcons.ttf"],"packages/window_manager/images/ic_chrome_close.png":["packages/window_manager/images/ic_chrome_close.png"],"packages/window_manager/images/ic_chrome_maximize.png":["packages/window_manager/images/ic_chrome_maximize.png"],"packages/window_manager/images/ic_chrome_minimize.png":["packages/window_manager/images/ic_chrome_minimize.png"],"packages/window_manager/images/ic_chrome_unmaximize.png":["packages/window_manager/images/ic_chrome_unmaximize.png"]}